RMSE,MAE,R2,Accuracy (%)
15.833151294701144,11.579039822544889,0.6704121126259407,85.46348049336264
